-0.587876347,1.245088294,0.609074031,2.42967938,2.957744238,1.694485684,-0.915005018,-1.32766657,-0.507159349,0.044270353,-0.653594895,1.178306528,1.498481653,-0.817855648,-1.313649997,-1.005414351,-0.112943054,2.564176912,2.316589786,-1.14832192,-1.448352129,-1.865192188,0.972209239,1.88240962,-0.024663705,-0.098808604,-0.798045172,0.088469367,0.601374909,0.460910658,0.551042211,-0.825317205,-2.010602775,-2.113375894,-0.202364644,1.6610636,-0.369850706,-0.127278469,0.30077587,-0.062063857,-1.399775454,-0.607799467,-1.203147528,0.423166504,1.995883462,1.07117569,0.834807525,0.480415859,0.157171026,-0.195217145,-0.116568433,-0.443992635,-0.633798641,-0.302641397,0.233125494,-0.549792036,0.524747301,0.501448505,-0.869709637,-0.697449042,0.397196417,-0.363145864,0.715726257,0.590897564,0.243870933,-1.389779906,0.379705792,0.523621785,1.210855317,0.175508785,0.881112453,-1.047252972,-0.08182854,1.077600038,0.510567736,0.048627674,0.951231565,-0.859743593,-0.596894959,-0.440380586,-0.902318279,-1.384595392,1.352875234,1.333179912,-0.270584884,0.503789,0.050563227,-0.337815384,0.657039723,-0.028936657,-0.870246556,-1.99168793,-3.64623609,4.758858842,1.503115102,0.851239458,-1.104563596,-0.562323944,0.232973386,NaN
-1.007316184,1.384704272,2.308510601,2.184876333,0.886572754,-0.294942041,-0.05313242,-0.000141267,0.118896918,-1.682780941,-1.067356181,0.040139692,1.872079621,0.490361795,-1.526259133,-2.060757214,-0.256358901,3.323515341,3.106232947,-0.635124481,-1.797777264,-2.235775635,0.831651093,1.608648085,-0.205827946,-0.128656248,-0.924353061,-0.65092852,0.254042594,1.282970991,0.137362616,-0.615410222,-1.352601139,-2.07260356,-0.872812289,0.705799652,-0.759365415,0.367515329,1.083677433,0.085108107,-0.932772642,-0.587330004,-0.66702408,0.261588371,0.876354,0.617537073,1.278456801,1.226135999,-0.616326787,-0.491774917,0.152441922,0.62744332,-1.32120463,-0.461169367,-0.455053951,-0.441829027,0.285658278,0.750126947,0.193022119,-0.501930423,0.252464376,-0.374930679,0.648653707,1.229804485,0.11464477,-1.049757236,-0.186728299,0.553194584,-0.032214573,0.632084389,0.000750912,-0.947745013,-0.220777662,0.538610956,0.897903791,-0.429179352,0.731350942,-0.335771902,-0.56863484,-0.808747835,-1.080304093,-1.642154824,1.437202524,1.745310958,-0.058457721,-0.245203327,0.039618114,-0.077143633,0.933845479,0.156224389,-0.784718688,-1.848264102,-3.376060531,4.855114184,1.639263377,0.426880457,-1.894291219,-0.559630053,0.255862965,NaN
-0.341583625,1.421476897,2.753445619,0.744429239,-0.015312011,-0.983922425,0.426428691,0.534648906,0.71852621,-1.681312227,-1.329231003,-0.212380275,1.831783208,1.105687354,-1.718873446,-2.027552607,-0.223338938,3.289329885,3.710231515,0.081341405,-2.537120538,-2.446729168,0.288788809,1.180033484,-0.274933475,-0.072862158,-1.048159437,-0.992824147,-0.203754634,1.508545621,0.4909552,-0.025135312,-1.160603824,-1.517894418,-1.474354804,-0.022316807,-0.814661901,0.74600807,1.225239517,0.22055141,-0.489374963,-0.050237468,-0.184995665,-0.045659747,0.029685339,0.330898826,1.118584882,0.985506124,-1.424054747,-0.317184455,0.359773728,0.988840237,-1.534093645,-0.812251376,-0.839222061,-0.272135178,0.23607081,0.667432507,1.43754021,0.058566636,0.011930033,-0.641736383,0.694343231,1.222477767,0.123982395,-0.638676473,-0.447948419,0.240741823,-0.187060733,0.155725475,-0.196911114,-0.658757268,-0.666072578,-0.096987292,1.108635334,-0.14259799,0.299475002,-0.298571878,-0.629169639,-0.287344214,-1.155294369,-1.602851939,1.308406034,1.948733965,0.113398687,-0.752913988,0.023133603,-0.051944544,1.206884578,0.277014698,-0.746246112,-1.658571103,-3.158261377,4.571543032,1.929050658,0.137503032,-2.22238246,-0.581745052,0.268080389,NaN
0.159553216,1.076499374,0.969018245,-1.154472049,0.2169369,-0.677626941,0.415217245,0.147500286,1.250223803,-0.951928769,-1.412961619,-0.621161854,0.742319862,1.159617274,-1.433531442,-1.018258711,0.031371671,2.876382057,3.116206127,1.460155784,-3.091834132,-2.676409397,-0.058321658,0.903177286,-0.320586009,-0.073113845,-1.116981718,-1.26645265,-0.476951139,1.48049481,0.905164047,0.4887938,-0.928703058,-0.401105206,-1.892935274,-0.929351976,-0.769827693,0.85590102,0.991594024,0.55810155,-0.316851928,0.44608881,0.060320625,-0.633735955,-0.110803972,0.000843854,0.682256177,0.764639234,-1.167661478,-0.079218357,0.372641371,0.865186261,-1.572223193,-0.79196965,-0.861299849,-0.278193251,0.373620619,0.586378669,1.641040498,0.706695302,-0.201145407,-0.870121549,0.620802137,1.181104488,0.248890511,-0.485915695,-0.189931975,0.301614737,-0.015026839,-0.282341841,-0.343128493,-0.426160852,-0.888270187,-0.301011774,1.143378404,0.423445468,-0.423905382,-0.449465481,-0.671553443,0.269627883,-1.182149556,-1.359297244,0.889542246,2.032884208,0.308266109,-0.954729591,0.053162456,-0.114820696,1.217264117,0.448473763,-0.770594513,-1.353515139,-2.694932461,4.34873235,1.71445104,-0.051400876,-2.439552258,-0.585205965,0.270960199,NaN
0.304727415,0.300616889,-0.25221841,-1.437559738,0.398389709,-0.428140694,0.232047393,-0.104467659,1.519941431,-0.130231259,-1.415839828,-1.139326068,-1.002795509,1.08978194,0.269269978,-0.218781991,0.33637363,2.076219864,2.533402034,2.203624793,-1.817690402,-2.760159295,-0.217267219,0.713575403,-0.213336487,-0.117986086,-1.215794771,-1.287975755,-0.682791443,1.167140619,1.248809006,0.716602764,-0.245254623,0.710778382,-1.565743496,-1.447501727,-0.756860207,0.650770873,0.247757365,0.803384343,-0.203141289,0.779683264,0.274455383,-0.936217693,0.084652033,-0.237997229,0.206057175,0.572315107,-0.833670099,0.079183858,0.330547328,0.80679083,-1.562499056,-0.682854402,-0.783023197,-0.289482093,0.41924722,0.641235165,1.713303022,0.860577994,-0.291272151,-1.238266115,0.318286747,1.233660296,0.501613923,-0.365298357,-0.027779994,0.541327229,0.052706163,-0.76787991,-0.739743638,-0.109323415,-1.048995719,-0.81454772,1.12399349,0.699817947,-1.175439437,-0.823057113,-0.528042589,0.638769829,-1.283570748,-1.032888007,0.662150412,1.986524301,0.585206515,-0.972212906,0.097014982,-0.137844873,1.089275592,0.559565446,-0.844614092,-0.934636112,-2.073691074,3.875367196,1.20336034,0.140573177,-2.237967038,-0.542937376,0.246032037,NaN
0.045616903,-0.561671518,-0.621661366,-1.398919003,0.418102184,0.111794677,0.061501112,-0.114251686,1.634208743,0.253149661,-1.337128218,-1.893323972,-2.082005864,0.868469495,1.038049443,0.85290596,0.549282021,1.333868174,2.282402053,2.421307731,-1.048275331,-2.648015169,-0.170737043,0.695685348,-0.276662003,-0.178948365,-1.314343732,-1.058034197,-1.002186901,0.708588113,1.095934849,0.336582276,0.386309458,2.171402337,-0.598574481,-1.479904547,-0.843186334,0.131789085,-0.539217401,0.919620288,-0.164731123,0.692555774,0.42628881,-0.66755739,0.263583406,-0.402055686,-0.296240138,0.356782355,-0.429164961,0.326178727,0.324953905,0.796024899,-1.467086541,-0.498038829,-0.669610285,-0.240148174,0.366852037,0.815250654,1.647845029,0.698028167,-0.31540829,-1.415348241,0.20879366,1.22255734,0.891513962,-0.174264331,0.207850615,0.652811235,0.095742182,-1.267720415,-1.151927622,0.048050911,-1.028672457,-0.838979692,1.129086408,0.79519498,-1.540243622,-1.029075297,-0.340373781,0.777313828,-1.371963574,-0.838086574,0.274221929,1.697007417,0.860569833,-0.837937317,0.159482323,-0.145342156,0.88432162,0.549183927,-0.900590318,-0.655314102,-1.678279326,3.391449145,0.658517986,0.16382292,-1.787616137,-0.494859392,0.180506646,NaN
-0.832168744,-1.83909843,-1.082528642,-1.13699577,0.389243742,0.499621843,0.007990006,0.022589555,1.730000113,0.457195917,-1.053009208,-2.11707019,-2.183082014,0.695835763,1.469418284,1.262002988,0.805537483,0.502344115,2.610753725,2.473698909,-0.923424524,-2.341923082,-0.010897474,0.500959169,-0.679092588,-0.348579413,-1.377657288,-0.742913692,-1.089632755,0.285378564,0.338656744,-0.368935907,0.968899498,3.223949118,2.228795685,-1.329107636,-1.205311205,-0.635711114,-0.936746431,0.992880603,-0.241419416,0.376618957,0.487171699,0.273989194,0.43685519,-0.606226301,-0.854594835,0.077184898,-0.261126121,0.534075874,0.372576211,0.804330066,-1.220146994,-0.1660133,-0.575622597,-0.16803435,0.168665126,1.066078461,1.524041446,0.113043904,-0.293333605,-1.440701906,0.177026077,1.13262689,1.097876149,-0.089910744,0.375741135,0.436179893,0.169760682,-1.996969297,-1.173665987,-0.017753477,-0.917815799,-0.464542891,1.264988505,0.69034512,-1.676703101,-1.106048847,-0.293563201,0.854395356,-1.505305375,-0.732087614,-0.012907138,1.422685386,1.111256966,-0.657653029,0.262635059,-0.155885049,0.604449669,0.513765373,-0.871670517,-0.40358305,-1.381384061,2.812846637,0.39674712,0.06641718,-1.509273829,-0.429048679,0.073572619,NaN
-0.413807435,-2.557919624,-1.649220907,-0.930367578,0.470547228,0.639599008,0.543036343,0.254056341,1.650834565,0.277979632,-0.813499814,-1.753954822,-1.174224471,0.301031341,1.55521311,1.242566281,0.86837957,0.243672857,3.334340494,2.635102571,-1.120553208,-1.546098928,0.356820716,-0.112970168,-1.533298235,-0.722644277,-1.221451425,-0.058925909,-0.726228415,-0.443196021,-0.671752286,-1.214540278,0.945247181,2.879280253,3.920944772,-0.18852603,-1.626210378,-1.628570511,-1.08448434,0.962850068,-0.516483502,0.016025842,0.140466639,1.460551497,0.766464425,-0.895849869,-1.314567817,-0.337872166,-0.29240744,0.676045503,0.432613247,0.837272598,-0.806484933,0.311694516,-0.558200992,-0.344283623,-0.041847593,1.277883578,1.356994053,-0.472134265,-0.228021555,-1.305775996,0.359925101,1.027700684,1.176083373,-0.124689033,0.483750252,0.077070478,0.184944114,-2.320251319,-1.174132292,-0.227894244,-0.4738475,-0.203948231,1.503625263,0.402861493,-1.566973804,-0.904404123,-0.351297596,0.825849479,-1.538310136,-0.775309865,-0.217791274,1.098083482,1.302931473,-0.574686629,0.378166332,-0.167489594,0.296975784,0.583392754,-0.79713684,-0.215781942,-1.340327094,2.723064232,0.153539735,-0.014429471,-1.314272143,-0.420346991,0.011816662,NaN
1.19832849,-2.295608569,-1.853651081,-1.033941187,0.62035854,1.007434917,1.146096113,0.37754061,0.895604603,0.000904475,-0.660827263,-1.558033704,-0.482568741,-0.041987126,1.157222819,0.842540256,0.803314919,0.358721455,3.564624752,2.734302262,-1.740489811,0.217619404,0.941451449,-1.111188046,-2.14900504,-1.166554293,-0.675247298,1.167881137,-0.309178674,-1.198554339,-1.809324292,-2.034572614,0.476781747,2.248289717,3.83362124,2.302617769,-1.809045853,-1.938678066,-1.122244673,0.793379717,-0.786850328,-0.482842775,-0.286267308,2.096803795,1.446710831,-1.016898235,-1.52904075,-0.417075564,-0.560161407,0.61882029,0.354542483,0.948842021,-0.42235456,0.759521187,-0.604813025,-0.755066268,-0.070087156,1.348288927,1.186263939,-0.566655557,-0.164263713,-1.00285602,0.644658663,0.851484334,1.106585656,-0.349556679,0.668987778,0.011536743,0.132812321,-2.46564528,-1.270160336,-0.489171575,0.008160309,-0.08118349,1.725594635,-0.049432098,-1.295108477,-0.534731177,-0.537761191,0.777369499,-1.468793522,-0.966208011,-0.401194995,0.782945252,1.392420982,-0.476730292,0.392849247,-0.161141813,0.171134925,0.668164396,-0.736273071,-0.119529633,-1.570986283,2.775488513,0.060471198,0.011706613,-1.315503947,-0.441833303,-0.013095251,NaN
2.631343374,-1.185098445,-1.777628247,-1.27947383,0.656446723,1.675968675,2.139425864,0.427193623,-0.454346588,0.198881968,-0.533985292,-1.61485242,-0.218560606,0.252160395,0.671417473,0.029580717,0.562158339,0.889668262,3.405228746,2.052847798,-1.538333204,1.954715497,1.675807961,-1.704324307,-2.934371064,-1.594260972,-0.204381722,2.75102375,0.897549278,-1.623772003,-3.165935411,-2.879010314,-0.243086104,1.472492123,3.346564829,3.455972877,-0.422660208,-2.1707982,-1.48140773,0.361936393,-0.817067019,-0.825066223,-0.44657994,2.542372625,2.039579506,-0.851570788,-1.578730423,-0.391669981,-0.983149098,0.371333925,0.166175733,0.969505366,0.014759205,1.510403449,-0.593502373,-1.354644202,-0.167704133,1.00774865,1.012621421,-0.403759466,-0.170480575,-0.775263353,1.000330922,0.778584277,0.99402327,-0.70913631,0.757375565,0.410089721,0.055117594,-2.466880261,-1.482893845,-0.674979098,0.160949565,-0.090859742,1.69134706,-0.392292267,-0.825835416,-0.287611082,-0.781215317,0.723030034,-1.320801487,-1.341718087,-0.500345725,0.525199369,1.42641739,-0.36476885,0.395842173,-0.16151268,0.043865325,0.700638141,-0.650302214,-0.153212162,-1.902792846,2.798785206,0.096294959,0.148981123,-1.391510918,-0.510605745,0.021218466,NaN
3.688838062,0.343053992,-1.365584972,-1.53204629,0.576846683,1.923711459,2.645085076,-0.003887357,-1.360023387,0.538783986,-0.617054916,-1.730780374,0.108582379,1.106772067,0.084585154,-0.877103805,0.191561498,1.51338828,2.912441272,1.25479741,-1.046055112,2.993771532,2.323839547,-1.682026197,-4.273044357,-2.186972477,0.162679708,4.078565696,2.773408096,-1.6400319,-4.079560256,-3.820843164,-1.133833019,0.841559289,2.884319053,4.217078089,1.401701205,-1.14833717,-2.258965,-0.574696264,-0.868867958,-0.870082441,0.692919289,2.863725521,2.103312285,-0.39100701,-1.853905429,-0.496623427,-1.348647224,-0.02459854,-0.203659702,0.917676098,0.429099804,1.996394172,-0.353771647,-1.806610047,-0.528640546,0.426501152,0.824869734,0.169896432,-0.319498817,-0.507805593,1.169566541,1.112600029,0.704027698,-1.231011775,0.746626523,1.059281979,-0.057002289,-2.314865194,-1.664883629,-0.63571439,0.639591393,-0.184216115,1.589070542,-0.682454466,-0.502514127,-0.181559041,-0.786871934,0.684900451,-1.066384913,-1.757046714,-0.543334417,0.362589192,1.456271201,-0.270099637,0.429612619,-0.202531431,-0.033374513,0.667253996,-0.586172737,-0.313284403,-2.044241802,2.739227156,0.162735642,0.501801644,-1.636398269,-0.625777959,0.11351999,NaN
3.675123535,1.530401819,-0.712861414,-1.582100423,0.23946238,1.792257936,2.643104099,-0.46569092,-1.179837438,0.80358157,-0.95236311,-1.760991407,0.195121565,1.101642029,-0.122377275,-1.112359952,-0.084398065,1.639743688,2.320511194,0.831694857,-0.388026166,3.406681254,1.979312467,-2.174133355,-4.742706808,-2.584154145,0.67703649,4.909004579,3.510105764,-1.687202932,-5.489096148,-3.707700257,-1.717294671,0.353839328,2.505851886,4.597439626,2.135056332,-0.043338396,-2.901615208,-1.355673166,-1.148586454,-0.550878958,1.747289947,2.754136188,1.672966393,-0.093498864,-2.137853017,-0.730982181,-1.181331872,-0.273338475,-0.414833601,0.874128231,0.466683584,2.26905578,0.086329018,-1.692357376,-0.846602552,-0.323931585,0.335899397,0.60507834,-0.543240367,-0.184316349,1.204594174,1.720125226,0.522986483,-1.72133336,0.662104053,1.526975184,0.028759755,-1.885004091,-1.861246848,-0.492081225,0.672202247,-0.375074076,1.482005778,-0.885041909,-0.559045334,-0.31310273,-0.390290348,0.632183311,-0.718208977,-1.638852692,-0.671860218,0.111229822,1.471809531,0.07452453,0.586386822,-0.243935796,-0.079806568,0.383939574,-0.6029711,-0.583311098,-2.180856984,2.494120131,0.253727498,0.902642044,-1.899968514,-0.646522228,0.167147822,NaN
3.105541777,3.122107318,0.132734318,-1.535145743,-0.040203146,1.234055313,2.113444588,-0.593270524,-0.466456244,1.367160332,-1.334491846,-1.791748222,-0.031509017,0.559580224,-0.023545852,-0.594820026,-0.32503883,1.679342185,1.343271497,0.631836326,0.799648679,3.373057861,0.708918927,-2.881008076,-2.697782379,-2.322080167,1.193759764,5.619028524,3.754698099,-2.539699307,-4.514022988,-2.942278584,-1.988348281,-0.392123569,1.987285724,4.697615987,2.600090554,0.645422203,-3.509149247,-2.314075101,-1.448899931,-0.134262882,2.566072613,2.425756984,0.770041604,0.159813113,-2.141308793,-0.924744796,-0.626560309,-0.114480638,-0.423069807,0.883795116,0.392897578,2.326377015,0.55359325,-1.511845642,-1.367367066,-0.811856094,0.059007077,0.70354285,-0.624392099,0.107671004,1.150640189,1.928097998,0.367624135,-2.0344996,0.638219679,1.578942431,0.529766509,-1.491820268,-2.070038865,-0.6100941,0.003623378,0.05819252,1.629488724,-0.515117756,-1.099608432,-0.528979875,0.104882692,0.585593561,-0.842889623,-0.754429432,-0.790319808,-0.169461188,1.22349035,0.668529361,1.148629117,-0.140709625,-0.080506692,0.104850724,-0.753687311,-0.94302481,-2.24784834,2.182729217,0.417345396,0.771283171,-1.75806747,-0.509776288,0.015954535,NaN
1.954763446,4.132904557,1.861190595,-1.476874771,-0.422626312,0.703202195,1.112773687,-0.899537747,0.854384147,2.369680931,-1.333779717,-2.154587728,-0.852996849,-0.080516048,0.149263597,0.351644796,-0.331816383,1.469843412,0.001806434,0.523970299,1.468210619,2.925897968,-0.68520464,-2.989206195,-1.971626139,-1.526414886,1.434566885,5.995007791,2.498000174,-2.804336902,-3.220445809,-2.196174199,-2.142027969,-1.006589722,1.525957172,4.612537384,2.855669305,1.052421705,-4.06597876,-3.265157701,-1.472116402,0.439463961,3.13552873,1.370538488,0.459907027,0.469952672,-2.043957345,-1.04264925,-0.411973559,0.013616557,-0.281958064,0.923169442,0.157820339,2.061653805,0.958050779,-1.158169997,-1.559942538,-1.10792226,-0.093760176,0.60274057,-0.604334923,0.507886976,1.007180807,1.952819042,0.042124682,-2.129495232,0.628015731,1.596541137,1.130224287,-1.275849624,-2.302704379,-0.953866346,-0.155291688,0.346568516,1.778785299,-0.29735482,-1.439559053,-0.827363876,0.267436286,0.687037424,-1.28069767,-0.518167637,-0.761215223,-0.341146992,1.059190812,1.055663233,1.508465024,0.519693309,0.00822592,-0.315900393,-0.931358532,-1.270489528,-2.190368129,2.036724764,0.492821262,0.296498149,-1.076429855,-0.392599322,-0.194668142,NaN
1.196008461,4.522124266,2.759879622,-1.427811105,-0.940707732,-0.280713161,-0.349709303,-1.0968075,1.602567828,2.820640842,-1.072973435,-2.67652722,-1.813283314,-0.223776145,0.376848812,1.205017773,0.018100411,0.914812545,-0.619975558,0.330840195,1.794516517,2.300831715,-1.685010456,-2.857134449,-1.346763231,-0.939979412,1.685173481,5.749949502,1.799160745,-2.21295081,-2.405242055,-1.677128077,-2.443760977,-1.702972597,1.179582037,4.452663927,3.097486714,1.194704102,-4.291898062,-3.919405923,-1.22194626,0.91882928,2.955884151,-0.059990969,0.784551855,1.117309871,-1.69133015,-1.078333708,-0.315052352,0.226795533,-0.068519607,1.07585414,-0.118263035,1.436739926,1.069937832,-0.903199027,-1.426502358,-1.434001524,-0.12054685,0.314352504,-0.501730957,0.809445661,0.828789304,1.679499838,-0.481020051,-2.077590872,0.52215814,1.66945933,1.691024337,-0.946664696,-2.65607558,-1.086281376,-0.073019655,0.682956266,1.86806791,0.026251937,-1.550348001,-1.225289008,0.181886234,0.870574449,-1.379456511,-0.381241002,-0.541933814,-0.443117269,0.762312107,1.22229585,1.597983166,0.783418571,0.080424636,-0.559824931,-1.122819542,-1.404901976,-2.119844161,1.861667393,0.532278214,-0.150213788,-0.614835569,-0.280249463,-0.348672,NaN
1.05562811,4.637400654,2.98177569,-1.177393973,-1.900408451,-1.280003538,-1.548010431,-1.029600595,2.383843564,3.277219915,-0.93093709,-2.908958256,-2.007412917,-0.073298306,0.912746031,1.921992018,0.465555607,0.511572426,-1.351676545,-0.142689424,1.782070879,1.497365516,-1.700358714,-2.732675403,-0.683548131,-0.446745506,1.804142058,5.015561033,1.988720192,-1.345451959,-1.364340129,-1.138427027,-2.852286167,-2.145353081,0.876400227,4.112308603,3.238203328,1.038727036,-4.24412657,-3.896348327,-0.902315096,0.90412946,1.650751891,-0.177200385,1.102104956,1.576514896,-1.162054446,-0.993421257,-0.317792329,0.345826101,0.208291508,1.301883169,-0.301353057,1.104618935,1.009050226,-0.903112765,-1.366309647,-1.444437805,0.096188846,0.129924683,-0.211426474,1.011602453,0.736340754,1.390165775,-0.723594325,-2.067688515,0.430483618,1.841940382,2.065887487,-0.895740135,-2.683560669,-1.243811419,0.307860918,1.064950766,1.917424689,0.313750344,-1.541669363,-1.727259333,-0.059260257,0.934066403,-1.389911287,-0.241554042,-0.048339122,-0.585245275,0.354564968,1.209993633,1.629247694,1.042850003,0.179136186,-0.698177426,-1.26912552,-1.548602438,-1.989180309,1.809415745,0.530987522,-0.518959443,-0.384097032,-0.242839582,-0.333068807,NaN
1.657169638,4.731479512,3.110580134,-0.771461737,-1.483708435,-1.623778084,-2.406417256,-0.890596359,3.176620136,3.842760995,-0.728034983,-2.885106539,-2.172778609,-0.101266462,1.250930248,2.25407407,1.066006731,-0.188438144,-1.515068365,-0.757261661,1.210367789,0.559667326,-1.331800599,-2.393318404,-0.059227198,0.014087666,1.768984544,3.459612408,2.548855199,-0.417939174,-0.865492525,-1.153877209,-3.036784189,-2.116297091,0.691487059,3.661709634,3.333403278,0.449000384,-3.834424618,-3.330152065,-0.777431885,0.264309533,0.7585427,-0.005152006,1.377440542,1.945971468,-0.852523024,-0.944976696,-0.342037752,0.381890601,0.396530669,1.502595095,-0.395048616,0.590675578,0.739197132,-0.965509381,-1.496373841,-1.376553383,0.418155579,-0.065346675,0.159375426,0.958078278,0.925097412,1.253375696,-0.95334988,-2.145767682,0.041693989,1.984391461,2.223509198,-1.034553333,-2.337865534,-1.131903472,0.732435783,1.227121707,1.833830264,0.46184411,-1.443795959,-2.182174201,-0.375023997,0.859191318,-1.316517661,-0.229994254,0.434126737,-0.506963541,0.017171503,1.088380206,1.530725688,1.055554301,0.226235982,-0.645269041,-1.409829817,-1.544038238,-1.805088635,1.740050261,0.491849455,-0.650208565,-0.375408572,-0.256480801,0.007085876,NaN
2.513271798,4.789167014,3.219919418,-0.504911259,-1.069819959,-1.828973938,-2.957195655,-0.638823162,3.837591876,4.312060715,-0.046630522,-1.670313333,-2.908968475,-0.361462878,1.325342215,2.300820229,0.850119715,-0.225721866,-0.888570671,-0.635198775,0.547659398,-0.451491936,-0.630944459,-1.395120306,0.030170974,0.175380797,1.471297815,2.602995935,3.177519972,0.161365544,-0.472651216,-1.59860743,-3.082765124,-1.819481851,0.548268747,3.1561855,2.955582946,-0.228758301,-2.956349397,-2.057754397,-0.802249904,-0.498893663,0.455651782,0.392454426,1.630990096,2.124127799,-0.75619157,-0.877710473,-0.307437317,0.408871389,0.430364975,1.467346603,-0.299163286,0.034350137,0.26052967,-1.096811507,-1.627846676,-1.343455426,0.581394967,0.124993587,0.498649614,0.701498996,1.177135314,1.331539129,-0.963780109,-2.290651502,-0.396258983,2.068948736,2.204768907,-1.092180181,-2.077819536,-0.763111513,1.021763846,1.171782879,1.703688112,0.491958395,-1.51587414,-2.172862079,-0.617751148,0.585544234,-1.239479091,-0.426180231,0.594940765,-0.22694615,-0.130539994,0.732395117,1.338893201,0.797591628,0.160095834,-0.56910241,-1.389279091,-1.287433169,-1.558749863,1.594227581,0.432040943,-0.629899979,-0.600143474,-0.320786494,0.349630908,NaN
2.997607195,4.909200868,3.361174155,0.050667327,-0.712856008,-1.986307998,-3.090488326,-0.275498028,4.216525533,4.25672424,-0.010109307,-0.099577858,-3.143995412,-0.965071981,1.041164967,2.103049455,0.30795045,-0.177952091,-0.590881116,0.269306234,-0.777775717,-1.673337109,0.24663663,-0.223355648,-0.080593157,0.065503071,0.570206265,2.490651425,3.551908983,0.71225334,-0.262107427,-2.622636813,-3.008914692,-1.332510271,0.339114861,2.55384463,1.956687581,-0.850942021,-2.168032626,-1.035547877,-0.908627662,-1.216283906,0.407468886,1.088734302,1.778076977,2.062296869,-0.988720961,-1.007238872,0.07408458,0.487109565,0.386899625,1.016749632,-0.064778673,-0.334662623,-0.166876101,-1.23411169,-1.724363209,-1.282847994,0.556808944,0.202674446,0.837852446,0.339330964,1.299915359,1.746476749,-0.602997908,-2.663655927,-0.85397597,2.042331881,2.019426417,-1.0671152,-1.875485278,-0.269805033,1.25930442,0.639247228,1.521870686,0.53692331,-1.630069586,-2.00171683,-0.633947763,0.296682608,-0.981934743,-0.620131587,0.60427401,0.014088287,0.001604108,0.363747024,1.205678375,0.594258809,-0.039709423,-0.600131605,-1.261562274,-0.949990953,-1.318324958,1.454237248,0.371420712,-0.380380898,-0.970115945,-0.375334992,0.673147715,NaN
2.641406089,5.02354318,3.731835465,0.443602574,-0.568384755,-2.01860929,-2.8010678,-0.044546315,3.790990645,2.126643064,-0.883219951,-0.067367219,-2.361624766,-2.177087801,0.484409913,2.180651099,0.206478968,-0.306108964,-0.406974533,0.427563933,-1.364011744,-1.831252276,1.110341325,0.61676835,-0.426090057,-0.220510749,-0.004007155,2.419190656,3.894383544,1.505399538,-0.28909005,-3.414630382,-2.83603952,-0.769306024,-0.001457858,1.465709989,0.907984796,-1.125059024,-1.48350944,0.343246688,-0.778546551,-1.951087106,0.408332025,1.311901165,1.805861458,1.773766252,-1.447376432,-0.979249436,0.788428548,0.455293181,0.531590958,0.520225839,-0.098046186,-0.556367268,-0.446381001,-1.110446588,-1.816578267,-1.172647859,0.614491192,0.125743754,1.017414597,0.177671312,1.318668169,2.103069388,-0.158697547,-3.233784844,-1.19096914,1.839956866,1.865582699,-1.031739681,-1.298443199,0.223068561,1.062766605,-0.017111844,1.276292991,0.752226558,-1.614633937,-1.641273126,-0.607444519,-0.04185052,-0.721745272,-0.87770112,0.615954302,0.332172316,0.102850327,0.159743414,1.237654718,0.33176335,-0.335571149,-0.703199273,-1.096199541,-0.745579184,-1.183514091,1.126666859,0.365497786,0.056091654,-1.462818708,-0.41086798,1.290659555,NaN
1.801193126,5.130636607,4.512821793,0.843280777,-0.51225241,-2.023773446,-2.591717723,-0.250184331,2.786171044,1.101011219,-1.62752668,-0.609877418,-2.19392953,-1.5510259,1.09033389,3.172541121,0.379398121,-0.523088263,-0.323400239,0.161622429,-1.700795493,-1.535337392,2.452540101,1.345748064,-1.032605812,-0.610595214,-0.32632656,2.406488392,3.915113101,2.5881405,-0.308114324,-4.100758854,-2.483257581,-0.270283763,-0.413044594,0.792048569,-0.60483451,-1.18631199,-0.358294075,1.39317449,-0.413500438,-2.437209824,0.334097083,1.352005781,1.750597565,1.042419074,-1.873473879,-0.740315647,0.981324416,0.274242921,0.70150302,-0.175456027,-0.514577598,-0.577624244,-0.086492426,-0.779724237,-1.787819127,-1.04386898,0.701106401,-0.318649039,1.012943735,0.170109571,1.04765988,2.453691932,0.577469034,-3.706225487,-1.550323786,1.467186881,1.738140896,-1.010848778,-0.760612924,0.834430779,0.461710857,-0.586606389,1.102458845,0.992249843,-1.487290945,-1.28708843,-0.636683274,-0.257643122,-0.422239943,-1.07353994,0.677326563,0.47995083,0.045389932,0.005452734,1.38260849,0.05583816,-0.612201139,-0.925376585,-0.761067746,-0.452297039,-1.269458205,1.146464783,0.397107792,0.32829655,-1.764696315,-0.422656465,2.004212194,NaN
1.264127254,5.29187471,5.85641684,1.018122487,-0.609221842,-2.14487865,-2.560879937,-0.746599932,1.766793086,0.362046226,-2.308415978,-1.179744126,-1.78566195,-1.189605705,1.490673298,4.024188651,1.269367046,-0.831403239,-0.311306225,-0.378687076,-2.204361419,-1.301620635,3.182677178,2.381618901,-1.943997971,-1.150788591,-0.562456737,2.454114747,3.444605264,3.803117255,0.022831999,-4.34567376,-2.233426613,-0.237459635,-0.694624778,0.490028993,-1.817993624,-1.232955788,0.518113862,2.018029882,0.103697625,-2.88845133,-0.343550427,1.514134543,1.605142161,0.075754065,-2.178123297,-0.495425688,0.9325733,0.140097297,0.527138468,-0.409808195,-1.094895122,-0.382869282,0.4762889,-0.345143542,-1.545657191,-0.881042905,0.653124691,-0.696185908,0.716885532,0.294641338,0.566912265,2.429642211,1.282704582,-3.530836531,-1.632556844,1.192494662,1.593745118,-0.921236621,-0.651499249,1.085635543,-0.020728375,-0.881332393,0.921095579,1.061369406,-1.281050062,-1.076162762,-0.765622573,-0.394041896,-0.188462303,-1.07331152,0.734342609,0.6123261,-0.120194792,-0.169290124,1.458982337,-0.308769383,-1.025042777,-1.157534006,-0.462682204,-0.286713707,-1.520444391,1.482285775,0.390790197,0.645639699,-2.093050327,-0.328008608,2.917306187,NaN
0.891866331,5.265026804,6.923836115,1.091848382,-1.240895054,-2.025225326,-2.174066163,-0.883041686,0.925294485,0.004351709,-2.383454736,-1.032943194,-1.045773704,-0.920524048,1.369167149,4.159277618,2.486609387,-1.031908992,-0.450312343,-0.963742548,-2.46064134,-1.334556721,2.18645013,1.807350012,-1.228523683,-1.541883022,-0.669310662,2.545898393,2.975294758,4.36328151,0.883621765,-3.657365394,-2.47881408,-0.536255724,-0.76276505,0.498836633,-2.381866823,-1.280229475,1.140545629,2.716680918,0.797584368,-3.338259333,-1.440241355,1.223735438,1.524020028,-0.266892099,-2.243048763,-0.334196902,0.555071093,0.098207182,0.287456972,-0.06998382,-1.495174985,-0.218178208,0.917692848,0.406524029,-1.237455453,-0.807748555,0.403025242,-1.110514289,0.300719009,0.684596199,0.255702628,2.194095006,1.689176438,-3.141139126,-1.469832608,0.890309269,1.457444532,-0.831130785,-0.651017016,0.860543653,-0.337728669,-1.114533774,0.900046402,1.125321857,-1.123050529,-0.903373222,-0.916271826,-0.297857372,0.067127266,-0.939286875,0.680504262,0.536795144,-0.568992714,-0.507936612,1.320057437,-0.521167513,-1.068179459,-1.2432366,-0.190130114,-0.105982643,-2.05184991,1.656123104,0.295914656,0.752973431,-2.04452334,-0.1238918,4.00324077,NaN
0.309703374,4.860173178,6.591340857,1.043637174,-2.105216463,-1.65343574,-1.00727493,-0.644972468,-2.116884874,-1.25729357,-1.264240164,-0.606592546,-0.41449378,-0.351345695,1.139950558,3.658987171,3.064741848,-0.336885393,-0.631880252,-1.403729253,-2.350231874,-1.514620223,0.712545154,0.384527016,0.070025017,-1.460843973,-0.744339303,2.592825772,2.894353847,4.531560578,1.595199504,-3.068633541,-2.971552388,-1.515836374,-0.478143788,0.716986699,-1.776065254,-1.414611066,1.368255107,3.765463966,1.596748355,-3.036663727,-2.073174158,-0.577672026,1.861039422,-0.10465027,-2.162468523,-0.27559186,0.072070982,0.177621955,0.178319552,0.403630879,-1.603095542,-0.015854161,1.249085515,1.179058859,-0.7838666,-0.89000302,-0.170212613,-1.258128526,0.060529119,0.920032269,0.117693463,1.872514088,1.914365053,-2.733693229,-1.190580909,0.816164683,1.28032895,-0.818519158,-0.734091461,0.333910748,-0.538673608,-1.174292461,0.948944839,1.195469566,-1.066072822,-0.596327392,-0.983239955,-0.109186862,0.245221373,-0.771135414,0.438459244,0.301046877,-0.857679054,-0.698505666,1.079380927,-0.409511029,-0.983023556,-1.280104323,-0.149514483,0.00721893,-2.361744133,1.701813084,0.207138782,0.744644047,-1.782654047,-0.011540401,4.211068839,NaN
-0.513201947,3.639950121,5.130618083,1.568819707,-2.806417185,-1.384746619,-0.059399695,-0.298235012,-3.435280303,-1.714733951,-0.643550467,-0.002202732,0.795677772,-0.017611181,0.914046211,2.555483272,3.395729628,0.63332007,-0.623751405,-1.736076441,-1.787513201,-1.803330396,-0.608981155,-0.393479524,1.249390605,-0.667411673,-0.807746979,2.513669612,2.986020414,4.273008824,2.137098987,-2.093544997,-3.883134261,-2.79898631,-0.076947976,1.732058166,-0.89945642,-1.565224831,0.688899594,3.997343205,1.820260831,-1.363594874,-2.596498686,-1.380728334,2.343169796,0.538133788,-1.883439144,-0.33734267,-0.668518833,0.332565199,0.246574501,0.760625113,-1.725281256,0.078337728,1.315157924,1.605035681,-0.581039419,-1.219189142,-0.813864004,-1.075577936,-0.118965052,0.994098654,-0.009084016,1.524105091,2.002881206,-2.151833181,-0.77633715,1.041820493,1.02076375,-1.044534417,-0.86440634,-0.276089348,-0.806406642,-1.060824556,1.069456926,1.339025596,-0.912218993,-0.333125691,-0.979946348,-0.069831445,0.273371326,-0.616304344,-0.084881825,0.236860376,-1.045106459,-0.637594576,0.954987397,0.069245991,-0.831078877,-1.31532915,-0.342117641,0.024846627,-2.631735559,1.645435987,0.139251547,0.701477827,-1.550759216,0.04019998,3.244012942,NaN
-0.973426575,1.981928547,3.812280165,2.636040861,-2.470434359,-1.530527334,0.562312194,-1.736265177,-4.043793421,-2.041043227,-0.50765748,0.787305106,1.585934941,0.074145583,0.732151005,1.735428087,3.582684766,2.081632367,-0.155973538,-2.285386582,-1.414631588,-1.840303411,-1.371795695,-0.85152346,1.735991008,0.005239497,-0.82095745,2.448734489,3.036639079,4.093205888,2.264901386,-0.952122789,-5.551340218,-2.834009793,0.388871188,2.879861808,-0.333103704,-1.685107506,-0.393526277,3.275117383,0.869004954,-0.006050073,-2.618509201,-1.004888395,2.679633475,1.13365135,-1.454934283,-0.634758186,-1.268960052,0.539693749,0.363136189,1.25647797,-1.748061416,-0.019545427,1.192641899,1.681653608,-0.42734521,-1.806744593,-0.838270846,-0.750876851,-0.377378679,0.836857783,-0.084683098,1.280127119,1.947055703,-1.633044182,-0.481190447,1.346257909,0.843072717,-1.382979455,-1.119898504,-0.764546387,-1.250337446,-0.941304808,1.256482279,1.511033896,-0.45837993,-0.31564504,-0.970211611,-0.208027507,0.063658977,-0.617538103,-0.337386227,0.388481183,-1.124793043,-0.30868369,0.988257622,0.400210768,-0.515442272,-1.403616962,-0.574189282,-0.011478945,-2.551622197,1.244766895,0.234997578,0.700938037,-1.325650007,-0.084567319,2.178303321,NaN
-0.72283959,0.313285957,3.235666967,3.319832332,-1.624219282,-2.012419876,-0.50078662,-2.681072837,-4.376641226,-2.599164258,-0.753500517,1.095350269,2.100057934,0.217581826,0.647218394,0.57672871,3.342338233,3.72463687,0.736621076,-2.786690533,-1.422807886,-1.836892829,-2.292070542,-1.1921036,1.60072448,0.467073048,-0.699056881,2.509622063,3.188217591,4.172214486,2.102716726,-0.830186312,-6.429689818,-2.442960845,0.973527306,3.70555269,0.160515793,-1.823187438,-1.277724555,2.182622695,0.170271389,-0.214708271,-1.964394422,0.009470775,2.780054039,1.372634012,-1.063931058,-1.131243462,-1.402170228,0.796272544,0.423016478,1.759624926,-1.596753508,-0.253867772,0.813698516,1.427611132,-0.453460064,-1.666730352,-0.447397828,-0.357090292,-0.647160438,0.313439901,-0.379826183,0.903697664,1.716655348,-0.906355255,-0.054851045,1.73244421,0.598880777,-1.890351828,-1.437276731,-0.91071775,-1.344469262,-0.87400505,1.374396625,1.64112254,0.153372355,-0.560290813,-1.028119701,-0.564707791,-0.244135319,-0.778108265,-0.555851438,0.511157277,-1.040239582,0.122826604,1.233538379,0.890855149,-0.235473998,-1.663698182,-0.975260692,-0.094650783,-2.416934094,0.819581074,0.39416327,0.758783201,-1.190618584,-0.39683052,1.310824494,NaN
-5.897473169,-1.050662994,2.943187759,3.221227749,-1.335736686,-1.361350275,-0.265579222,-1.811697874,-4.465027565,-3.119045051,-1.166535709,0.990055744,2.35438505,0.427396056,0.519797391,-0.599679968,2.786427221,5.408571895,2.828439369,-3.15082949,-1.572670973,-1.812557149,-2.347411521,-1.423527126,0.835435149,0.658523643,-0.539796747,2.649383853,3.444210744,3.96471413,2.019106308,-2.051583898,-4.435397391,-1.931470946,1.25921369,4.122182508,0.604712349,-1.934530893,-1.447238909,1.271598058,-0.148439502,-0.873223397,-1.369901732,1.321770661,2.627656608,1.513720233,-0.735550483,-1.704547759,-1.02337314,1.095910939,0.364348264,2.058897534,-1.428488343,-0.519366016,0.512892742,1.155715046,-0.566911787,-1.220081334,0.04222903,-0.256704345,-0.859156477,-0.119284268,-0.938171071,0.620773938,1.598333739,-0.145236258,0.685160334,1.790177617,0.614916304,-2.07281293,-1.825591335,-1.020114189,-1.243232184,-0.814120166,1.467797089,1.715014179,0.721578404,-0.973020515,-1.063294665,-0.825967745,-0.57920934,-0.987266394,-0.664377993,0.561083203,-0.877444455,0.534177784,1.573041241,1.146723077,-0.108265605,-1.813988495,-1.180626737,-0.185482274,-2.265529902,0.549011011,0.633272307,0.947749864,-1.181853874,-0.668279057,0.890587849,NaN
-4.700090394,-2.463747493,2.510205088,3.006360144,-0.861737112,-0.472876681,0.308701706,-0.751363173,-3.72028229,-3.236848573,-1.386781176,0.576285884,2.069434288,0.303075681,0.232497579,-1.13420182,1.61687345,6.343992799,3.212261137,-1.706796169,-1.26134047,-0.833823062,-1.099683587,-1.456892984,-0.330428134,0.670336618,-0.530142633,2.85869154,3.723172605,3.469503788,1.812034763,-3.488992325,-2.970656087,-1.152805878,1.341345584,4.006186772,1.221510171,-2.007217854,-1.293679876,0.438065035,-0.818906728,-1.648668145,-0.848518888,1.871050396,2.376243144,1.298191906,-0.882076909,-1.584882478,-0.448468776,1.395190411,0.21232052,2.129737076,-0.833908967,-0.658986753,0.222344491,0.587692035,-0.58499555,-0.646814409,0.677574644,-0.360262297,-1.127470582,-1.150697491,-1.363572284,0.552673356,1.627217229,0.396586329,1.185673226,1.48643878,0.991566272,-1.855426258,-2.026522877,-1.12623511,-1.13206424,-0.768546952,1.395631756,1.635415716,1.437192307,-1.758003275,-0.89840306,-0.991335631,-0.850521608,-1.122595633,-0.646910722,0.507964231,-0.650268898,0.85263166,2.036700411,1.334913238,-0.045867138,-1.827988925,-1.172810331,-0.344850478,-2.19374441,0.479436639,0.857212731,1.1670984,-1.22079432,-0.853325021,0.421407184,NaN
-3.509902891,-2.52982769,1.942043005,3.080336593,0.069013869,-0.025116265,0.993903484,-0.306565133,-3.345123241,-2.761348772,-1.346792842,0.350874172,1.447736727,-0.039191069,-0.174141119,-1.251561092,0.643159959,5.079607837,2.210142422,-0.865508131,-0.344925863,-0.346450927,-0.203006217,-1.621779212,-0.977484871,0.527157973,-0.747567519,2.994111875,3.538917439,2.811352644,1.218535753,-3.911154536,-2.404145286,-0.337235456,1.273216807,3.717295239,1.911633715,-2.099467056,-1.229983719,-0.346468075,-1.642514744,-1.845855756,-0.12046085,2.128751756,2.147851809,0.988896294,-1.267000943,-1.182267399,0.206087852,1.582447815,-0.069287059,1.988448573,0.000472989,-0.463586151,-0.219383656,-0.018714699,-0.328400035,0.228166102,1.085428541,-0.556947869,-1.470299861,-2.148581578,-1.598649533,0.571911857,1.738770206,0.700225264,1.608811479,1.124311474,1.021860239,-1.616265769,-2.356573905,-1.272747352,-0.986628938,-0.714888801,1.141179051,1.414218309,1.00242826,-1.854633262,-0.714835438,-0.735398108,-1.085775103,-1.038611049,-0.491184102,0.341452796,-0.227087673,1.013537111,2.558040448,1.470415642,-0.21961144,-1.672475826,-0.852469929,-0.581245112,-2.127525162,0.46429037,0.994259747,1.251894647,-1.281701156,-0.923936073,0.185138136,NaN
-3.020716035,-1.744547601,1.39354568,2.900178396,0.93235513,0.362310379,1.738265301,0.314909341,-3.210409961,-2.054813938,-0.963459474,0.308459224,-0.195945042,-0.277007983,-0.510844841,-1.189990871,0.079596806,3.210806057,1.470717518,-0.80590352,-0.379360374,-0.053029944,0.546774127,-1.795813899,-0.776485713,0.228237068,-0.94363861,3.110167095,2.929408317,2.21264377,0.659592461,-3.600515464,-1.762464873,0.376415544,1.117744712,3.397399667,2.747451364,-1.847441767,-1.28608663,-0.912546398,-2.428182464,-1.723594629,0.629665862,2.019283914,1.713001091,0.634773933,-1.387113512,-0.759553776,0.693439491,1.553013241,-0.478896041,1.740313952,0.933022428,-0.222782918,-0.596242347,-0.729950668,-0.055712257,0.95446991,1.266308777,-0.690965056,-1.756288315,-2.552768275,-1.657165976,0.649319361,1.794892087,0.697618795,2.275383751,0.948426889,0.799129418,-1.674638773,-2.421421425,-1.352408405,-0.902723297,-0.584734161,0.954834814,1.101185076,0.41749883,-1.502919431,-0.468590706,-0.318261255,-1.347931816,-0.794186852,-0.271439251,0.160935632,0.216285962,1.078998309,2.858772182,1.321431752,-0.37447738,-1.532180039,-0.550394806,-0.868066104,-2.016722056,0.606863283,1.075138905,1.209094916,-1.278072455,-0.85875578,0.100318041,NaN
-2.583932377,-1.429704053,0.666366921,1.94194735,1.541212804,0.913544418,2.359510867,1.170526526,-2.201507204,-0.564662482,-0.182566557,0.547186105,-1.80342407,-0.489239155,-0.81269613,-0.968420251,-0.634655538,1.808462692,1.035622714,-0.610742801,-0.608005545,0.071954733,0.862847258,-1.353412149,-0.453600191,0.620127828,-0.826785062,3.099062487,2.351857832,1.819897757,0.023780433,-2.117728928,-1.204182876,0.939665505,0.996954467,3.063394537,3.241421378,-0.705442109,-1.416719641,-1.637442605,-2.676937278,-1.423401803,1.238659297,1.465832888,1.412399808,0.385603686,-1.378403545,-0.308244665,1.204138687,1.370588857,-0.804967766,1.494267897,1.660992629,-0.207515195,-0.796783311,-1.334874166,0.101762932,1.42154002,0.910402536,-0.606490917,-1.800472849,-2.88655997,-1.635737818,0.741533618,1.729202159,0.430053685,2.80264901,1.157132045,0.396954674,-1.924722941,-2.332726168,-1.364374334,-0.833382138,-0.254353964,0.655276999,0.616703409,-0.165452885,-1.240014251,-0.048756108,0.06579783,-1.628589657,-0.706972397,0.011014849,0.021808573,0.539554761,1.072892852,2.96369436,1.088419373,-0.444408348,-1.320741367,-0.361622776,-1.046160465,-1.955158005,0.907055648,1.156971948,1.160731504,-1.308032225,-0.775831661,0.100572847,NaN
-1.987490694,-2.131631947,-0.787412085,1.01415779,1.555260566,1.570997566,2.862215065,0.607022876,-0.773330703,0.879501161,2.282988728,1.505598414,-3.619448732,-0.955568059,-1.28992387,-0.818013161,-1.117081599,0.545154917,0.90345225,-0.282968077,-1.148877644,0.331350784,1.10842886,-0.378293457,0.10888387,1.642190511,-0.443157034,3.012079647,1.194313847,1.29635755,-0.447931358,-1.144558933,-0.819645777,1.291304638,0.873601326,2.617310425,3.060766427,0.053680279,-1.589833761,-2.249210495,-2.434022632,-1.264526086,1.409594841,1.298717908,1.561912719,0.080814818,-1.365588472,0.055590964,1.640615515,0.846509344,-1.313933754,1.272355035,2.251940165,-0.239913508,-0.746732476,-1.531322608,0.320210684,1.597595815,0.337901076,-0.581190229,-1.666794979,-2.951019281,-1.536284737,0.773894584,1.504555953,-0.013308918,3.267937548,1.614739233,0.19819511,-2.230193179,-2.274198409,-1.323866921,-0.776298602,0.141916086,0.581517043,0.176753722,-0.435103123,-1.141874406,0.13829073,0.345498561,-1.789178856,-0.789119763,0.133244834,-0.035404874,0.695847989,1.03771107,2.856441082,0.739073887,-0.178619641,-1.050952591,-0.260627256,-1.432901733,-1.971824572,1.063307375,1.203835927,1.154802525,-1.367224788,-0.656142096,0.245991199,NaN
-1.247820519,-3.084541103,-1.854213576,-0.57910626,1.131536993,1.9854348,3.292782077,0.129412552,-0.99319206,1.38135449,3.73981761,2.433566201,-2.757771059,-1.453830464,-1.557363262,-0.97046407,-1.497434698,0.011757608,0.648667399,-0.037789361,-1.597846849,0.193344405,1.695532169,1.544478835,0.835888042,2.496125682,0.738531451,2.677516032,-0.252202237,0.324428631,-0.464082404,-0.777661701,-0.762264025,1.382880053,0.720133468,2.211964103,2.772399154,1.05625371,-1.603786299,-2.986747645,-1.877422315,-1.369838814,0.856994852,1.481959069,1.964690887,-0.254714148,-1.454807924,0.385126269,1.930338874,0.225248085,-1.766383504,1.101929607,2.453155479,-0.196667039,-0.532255524,-1.528851771,0.434249072,1.544518843,-0.330940378,-0.744431295,-1.458240887,-2.697472399,-1.431253837,0.723645191,1.113136124,-0.219109088,3.68189297,2.130762904,-0.013641533,-2.598816966,-2.287910834,-1.280478234,-0.594117827,0.36791499,0.791433864,-0.174794423,-0.823371458,-1.071424612,0.519644791,0.526674792,-1.703401137,-0.890517333,0.176295794,0.041092723,0.972733133,0.987719112,2.342728986,0.1436641,0.747617529,-0.919695592,-0.09946646,-1.785191851,-2.150693681,1.164883612,1.233969042,1.190894064,-1.567392051,-0.550518092,0.491739268,NaN
-0.379584381,-3.579848402,-2.300842314,-1.44702724,0.746550211,2.581205493,3.745951355,0.50095975,-1.631424365,1.154030779,3.198556718,1.676518841,-1.098161154,-1.067701828,-1.627989979,-1.285272718,-1.49525758,-0.352314148,0.30471173,-0.149148464,-2.028241509,-0.037468145,1.96973841,3.325052032,1.837798638,3.005422073,1.997043605,2.051899126,-1.314549422,-0.964889774,-0.303910295,-0.374863553,-0.802880985,1.373274655,0.669519815,1.813960287,2.199518188,2.052747829,-1.204054808,-3.166301795,-1.64021558,-1.79304811,0.363022776,1.790418937,2.30484597,-0.284004799,-1.844990693,0.748082452,2.170767567,-0.412187073,-1.7811267,1.014867525,2.201180964,0.197449014,-0.259347876,-1.510596415,0.347609667,1.29854278,-0.871656525,-0.87542924,-1.273476525,-2.299682669,-1.130984127,0.552330662,0.825267699,-0.181264392,4.106506265,2.316787059,-0.255962095,-2.880415246,-2.393162201,-1.159369344,-0.276896799,0.32373746,1.206606738,-1.015165424,-0.911720216,-0.930455883,0.779695152,0.67384307,-1.603834876,-1.107077293,-0.080646815,0.314935587,1.312452666,0.947034832,1.587643053,-0.038375802,1.503541672,-0.399332542,0.059574304,-2.045148011,-2.305319728,1.052168059,1.223510173,1.218899021,-1.717420162,-0.473188691,0.775995963,NaN
0.042081803,-3.674780743,-2.401862628,-1.37120672,0.556439546,2.76084877,4.157410345,1.48442012,-1.568168128,0.144412368,2.258264846,1.237477172,0.556066274,0.330326235,-1.481027176,-1.610650026,-1.184787285,-0.612990009,-0.082307323,-0.791739374,-2.153141627,-0.265694887,2.058261743,4.205248184,2.595577822,3.131819711,2.781617622,1.702724,-2.032312988,-1.771724764,0.015482853,-0.152078864,-0.894772669,1.363074795,0.950057326,1.631922958,1.144558361,2.620489484,-0.638938584,-2.67391443,-1.650421281,-2.240760096,0.179653122,2.022143993,2.634990882,-0.030622551,-2.359512835,0.885946108,2.252105626,-0.939021406,-1.254450333,1.014384169,1.614827153,0.483303665,0.003291892,-1.524070151,0.074719866,0.952627358,-1.291930975,-1.10103321,-1.042091252,-1.921522065,-0.742046092,0.354716439,0.627212812,0.159181083,4.231233982,2.429354277,-0.50225781,-3.130402519,-2.535648701,-0.861934811,-0.08553294,-0.161949797,1.290761236,-0.974057271,-0.780488419,-0.608081609,0.844329193,0.85102379,-1.461000146,-1.333814999,-0.474783807,0.659184143,1.690891076,0.936248137,0.832975939,0.119166839,2.182637462,0.524698633,0.239118647,-2.379510056,-2.590751377,0.679761495,1.172060354,1.262795476,-1.670111319,-0.481043568,1.07236719,NaN
-0.002934974,-3.747711589,-2.454937683,-1.267673937,0.351886181,2.652352351,4.385764202,1.853741082,-1.879792634,-0.783058275,1.397011055,1.000323188,2.142256281,1.749143962,-1.1183575,-1.75679711,-1.049106349,-0.94925726,-0.657152221,-1.245091619,-2.14007679,-0.439372771,1.758913169,4.321760085,3.727665374,1.606319786,3.212534986,1.17679668,-2.355055216,-1.992641328,0.353241812,-0.109054646,-1.046098501,1.469049879,1.472281719,1.625510277,0.185259397,2.617243952,0.524637212,-1.534788868,-1.888784182,-2.541354991,-0.079754502,1.983201279,2.782199863,0.272426092,-2.721833478,0.573806455,1.919384546,-1.091567669,-0.527649109,1.262547585,0.827403707,0.5864421,0.292190739,-1.573792007,-0.376177146,0.577362592,-1.38575716,-1.283804544,-0.794342555,-1.639332664,-0.278583012,0.205324482,0.423035348,0.687292431,4.172676274,2.294930115,-0.432987654,-3.356565681,-2.632216729,-0.462382925,-0.120778022,-0.63069794,1.204228294,-0.306234745,-0.522776731,-0.122857287,0.766026728,1.02734608,-1.35479032,-1.645787396,-0.830822973,1.026782604,2.101539879,0.900103491,0.443523887,0.479143002,2.60140162,0.999498621,0.612328805,-2.510021837,-2.805335848,-0.239301822,1.113636323,1.539298864,-1.488419733,-0.574973928,1.222476588,NaN
-0.78847006,-4.085544575,-2.57612758,-1.283403517,-0.296585405,2.421489447,4.367450929,1.692155976,-2.234509215,-1.194487179,1.056429437,0.924546866,2.775852897,3.376231431,-0.588795198,-1.857962806,-0.849292895,-1.328631948,-0.945297681,-1.105167243,-1.879321182,-0.428437283,1.421877778,3.597533137,5.144406337,-0.770753451,3.410926896,0.638176347,-2.330418561,-1.570429963,0.573803998,-0.156668233,-1.179800377,1.785978773,2.773258015,1.941184509,-0.714344312,1.851140601,1.685186305,-0.566696585,-2.200503181,-2.707626872,-0.477535682,1.730129925,2.482543805,0.820455964,-2.793945522,0.119199094,0.96552787,-0.620744068,0.359454463,1.814319872,0.130572219,0.031217352,0.470992358,-1.298415029,-0.878913509,0.19984757,-1.257761178,-1.458426365,-0.35455784,-1.401608028,0.070667281,-0.020576378,0.296899843,1.132890545,3.732485403,1.939826485,-0.317085308,-3.591144225,-2.355911723,-0.154970523,-0.447474724,-0.965119479,1.026548326,0.560079413,-0.257952249,-0.035194439,0.47536762,1.201102674,-1.261822467,-1.932000241,-0.989165282,1.247586148,2.328397561,0.76157513,-0.072572273,0.78420985,2.921055526,1.846591066,0.86678365,-2.122263459,-3.16882602,-1.312204304,1.007883482,2.059694239,-1.347283948,-0.732146478,1.125384403,NaN
-7.614493467,-3.6823917,-2.929181446,-1.511208292,-0.857152091,1.998425701,4.216583731,0.940103927,-2.595416565,-1.620811124,0.738582989,0.776695964,3.4682108,4.83072896,-0.169647873,-1.761248223,-0.584282913,-1.614461856,-1.083203985,-0.638953156,-1.65695795,-0.048815994,0.888722503,2.704833603,6.229762977,-1.561475818,3.232130854,0.216481026,-2.175300693,-0.725482413,0.614361696,-0.345004195,-1.026752965,1.945243708,4.334266274,2.561858954,-1.656707624,0.867033708,2.217314925,0.291488357,-2.369566338,-2.942057374,-0.966824301,1.389242078,1.705001423,0.989232176,-2.262748278,-0.757928302,0.210437148,-0.193313442,0.962224414,2.287494731,-0.756573287,-0.606210355,0.494798487,-0.46159352,-0.993342748,-0.061455163,-1.148788755,-1.359251041,0.183082113,-1.141703522,0.177184658,-0.088479824,0.285835157,1.239637843,3.213882506,1.84400385,-0.283523787,-3.64028469,-2.040466394,0.442621863,-0.649160144,-1.193266984,0.756005116,1.191593831,0.209971232,-0.112942095,0.252560499,1.449981193,-1.203564121,-2.204048898,-0.990164348,1.200663287,2.173938823,0.484422651,-0.081811171,1.009752195,2.970615734,2.162525669,1.05373798,-1.099651824,-3.686460809,-2.102056292,0.935069672,2.458719604,-0.799851501,-0.862060234,0.814054192,NaN
-5.762052562,-1.482966892,-2.320668779,-1.97319656,-0.981505078,1.551166248,3.907256579,0.024250205,-2.710277615,-1.618399261,0.50300946,0.496381176,3.500626985,5.547743552,0.235169165,-1.423187441,-0.260299551,-1.889917327,-1.327225109,0.008251685,-0.948764368,0.586972367,0.333950175,2.054022255,6.768358823,-2.152240532,2.412595517,-0.541387159,-2.197085209,-0.362183269,0.410399209,-0.619365682,-0.751857618,1.745978991,5.16720198,3.419516723,-2.300912109,-0.106956771,2.722387908,1.343177847,-2.281154177,-3.375929445,-1.165015295,1.108155853,0.76150104,0.975473411,-1.432099736,-1.650429177,-0.309748819,0.307164408,1.586962494,2.683129172,-1.365979588,-0.883084487,0.44007632,0.486116821,-0.789468018,-0.504216233,-1.259371906,-1.097291931,0.620376724,-0.754730388,0.145242196,-0.03106834,0.321510856,0.978971135,2.559139301,2.001149567,-0.347384722,-3.579632444,-1.748855388,0.81053394,-0.413708598,-1.310662023,0.438716255,1.432021393,0.720261981,-0.580381757,0.316383395,1.717561043,-1.031219246,-2.367075592,-0.883864049,0.907891892,1.824513501,0.42707095,0.144496154,1.296322529,2.929458924,2.22546721,0.878802868,0.128076538,-5.095872057,-2.757453058,0.846785315,2.492476374,-0.095142528,-0.989542885,0.5101936,NaN
-3.98700178,-0.751830201,-1.119350979,-2.05646686,-0.510182303,1.0760598,3.16215199,-0.904795131,-2.195991555,-0.940348426,0.527028751,0.131366925,3.226479197,5.668365454,0.908020534,-0.79430203,0.121769947,-2.194469164,-1.908186782,0.025524062,-0.250733532,1.048425147,0.31000353,1.612630836,6.664981227,-2.775501708,1.125375279,-1.969233124,-2.428662626,-0.407340885,-0.029771073,-0.62671224,-0.588644943,1.19690491,4.775734431,3.683794101,-1.931754896,-0.915234248,2.645186345,2.221967901,-1.782635748,-3.921439721,-0.696628845,0.984568466,-0.060574179,0.99596067,-1.011978897,-1.925793741,-0.286643123,0.923069927,1.732685631,2.660595084,-1.650689106,-0.940090179,0.343017116,1.061229792,-0.427121678,-1.014782578,-1.590422038,-0.858324989,0.971547922,-0.118597579,0.060180325,0.026118739,0.293475159,0.600554203,2.116892059,2.127937525,-0.449171737,-3.437264277,-1.438950871,1.021148957,0.06300921,-1.327166596,0.182282747,1.407379368,0.850431199,-1.219154837,0.418292628,1.966777863,-0.767154631,-2.519888714,-0.672444782,0.282964317,1.286023591,0.664559887,0.68302067,1.589383421,2.777607615,1.971143082,1.05361326,0.922607253,-6.607900437,-2.961950538,0.770551191,2.272383805,0.460313194,-1.156503772,0.170167289,NaN
-2.537271616,-0.13684938,0.38756249,-1.464470419,-0.018836965,0.545692699,2.136539465,-1.447373422,-1.417090903,-0.030920621,0.532117672,-0.128845751,2.532460365,4.916451143,1.700115803,-0.094586884,0.370246224,-2.413918488,-2.368567683,-0.472275865,-0.004526796,1.229042287,0.450336068,1.426137682,6.524099419,-2.542058843,0.241082534,-3.399467819,-2.891858982,-0.792996419,-0.534367091,-0.393969936,-0.682183259,0.653260777,3.98925255,3.626030075,-1.088927939,-0.927665295,2.128559403,2.599611129,-1.110324844,-3.824593514,-0.146087976,1.130793849,-0.50032574,0.979015325,-0.867984873,-1.433463201,0.221255934,1.418707819,1.528186994,2.246575455,-1.635782229,-0.770973047,0.373610698,1.29904337,0.093701049,-1.227431138,-2.030719775,-0.800372324,1.259671856,0.332933952,-0.056795646,0.15638666,0.129204123,-0.004584835,1.789985189,2.142852804,-0.532470583,-3.196075135,-1.314049678,1.061647631,0.445821263,-1.226328768,0.084250659,1.280037278,0.703314879,-1.452635355,0.649419164,2.395861951,-0.504573384,-2.605991966,-0.440757735,-0.426425289,0.743139612,0.931947026,1.116010488,1.644284722,2.57311526,1.066574445,1.661833981,1.468102237,-8.390239384,-2.935949343,0.667774437,1.97270432,0.688173404,-1.228311835,-0.03346385,NaN
-1.431831055,0.513075169,1.483536226,-0.72201071,0.166175672,-0.010515975,0.769895273,-2.062559996,-0.698759526,0.537251562,0.359210061,-0.28629138,1.981074907,3.584696079,2.378152369,0.382460758,0.564662082,-2.368304646,-2.576117825,-1.018162856,0.033405352,1.234783934,0.63235519,1.314161313,5.602717008,-0.334082702,-0.663752719,-4.361120528,-3.22831858,-1.408785044,-0.969486158,-0.267342304,-0.8286076,0.000278683,2.744679331,3.325516111,-0.173359556,-0.840290228,1.422159039,2.418342867,-0.577171952,-2.879748327,0.136086813,1.257900534,-0.543267201,0.856946261,-0.929538259,-0.788688464,0.797878713,1.824247034,0.934444876,1.873262816,-1.442398412,-0.410541946,0.67638598,1.059986976,0.641994563,-1.229373808,-2.393363168,-0.858795883,1.373444313,0.622446473,0.005014848,0.454732284,-0.180190546,-0.545317439,1.528981876,2.042692877,-0.675582855,-2.959087878,-1.217677839,0.998311469,0.608470339,-1.025817217,0.254909555,0.740701918,-0.040839969,-1.38097494,1.109836968,2.898372997,-0.07993582,-2.753217264,-0.340170363,-0.859927763,0.569630912,1.055073022,1.38906052,1.561476688,2.296800323,-0.583401933,3.028675586,2.302141734,-10.84068908,-2.8466355,0.4947322,1.716904969,0.762965094,-1.197654544,-0.173261591,NaN
-0.294370904,1.079819249,2.316613172,0.360643833,0.102843261,-0.499305517,-0.253740321,-2.50863062,-0.394950689,0.798606505,-0.103293035,-0.594362503,1.363418265,2.651172075,2.940090085,1.338909666,0.727833617,-2.081061374,-2.596162824,-1.686054139,-0.120205952,1.142839392,0.939905073,0.967621076,4.888827152,1.978468304,-2.638269025,-5.142152365,-3.534866088,-2.30844141,-1.200905226,-0.566106253,-0.955072986,-0.624591027,1.663619215,2.852539757,0.82263541,-0.652908879,0.85169881,2.004139879,-0.195200054,-1.995072428,0.395156094,1.049485498,-0.287848985,0.83945051,-0.904007511,-0.34306524,1.281746916,2.075058817,0.196212175,1.093090189,-1.083442646,0.004874498,1.037839392,0.686872389,1.145404488,-0.864754335,-2.556015865,-1.004629245,1.446230138,0.73036799,0.316055646,0.762341578,-0.674443914,-0.781327269,1.209639836,1.899706988,-0.779520175,-2.746283621,-1.059205707,0.838662326,0.576370284,-0.674647776,0.970505276,0.296211958,-0.872034626,-0.922491492,1.734596599,3.098828364,0.225893317,-2.764701955,-0.304951147,-0.951016679,0.595995049,1.11230409,1.714450696,1.275755601,1.688179286,-1.954721548,3.993874393,3.364641327,-12.81497325,-2.885167565,0.329463415,1.316612618,0.729574707,-1.100353908,-0.287186694,NaN
0.605506128,1.5179345,2.940057931,1.533914443,-0.445048001,-0.90997547,-1.126650116,-2.46136212,-0.279093079,0.760902405,-0.724966735,-1.002814381,0.555196917,2.097059044,3.229616421,2.043070143,0.828181388,-1.866143188,-2.524169025,-2.155456174,-0.3971009,0.867738835,1.323649958,0.429754152,4.939603514,4.186411135,-4.179491589,-5.607616907,-3.416629757,-2.675912876,-1.292947326,-1.208130326,-1.117689607,-1.079421019,1.017685953,1.856764599,1.163471925,0.016274544,0.425316622,1.328757912,-0.161357331,-1.268455992,0.736922504,0.564104435,0.224758532,0.936805642,-0.705720505,-0.034674702,1.637037406,1.963143412,-0.503243117,0.754350482,-0.464395558,0.419746279,1.279180596,0.165821749,1.600674747,-0.468475006,-2.594602906,-1.002942475,1.469796001,0.792182746,0.893378707,0.866004424,-1.096716874,-1.188210352,0.914374843,1.682268458,-0.797214125,-2.4294534,-0.712973473,0.576142,0.503223443,-0.388721991,1.495639936,-0.078208396,-1.630629455,-0.526002709,2.490576404,3.375563676,0.169891679,-2.535224661,-0.306952038,-0.408773053,0.682141877,1.095925362,2.013409357,0.847155144,0.821177384,-2.566617035,4.483546537,5.466127353,-15.15757085,-3.052668321,0.046979355,0.960917662,0.6620994,-0.988356576,-0.348399342,NaN
1.138409168,1.964479495,3.649426376,2.097297007,-0.958131512,-1.12368507,-1.744442952,-2.159891075,-0.351322041,0.344298134,-0.754920515,-1.466293584,-0.03839877,1.438057446,3.316585236,2.50643701,0.841439617,-1.772180497,-2.257169714,-2.108438465,-0.669228573,0.545094352,1.225490495,-0.019109107,5.200723453,5.962223799,-5.586961366,-5.709625099,-2.920599524,-2.825126376,-1.41329389,-1.77878169,-1.475370395,-1.393125309,0.330066066,0.829982484,1.244052687,0.745672385,0.052028414,0.572557995,-0.206446617,-0.98525184,0.880862695,0.059222073,0.643943327,1.121805177,-0.261005964,-0.107516765,1.601406281,1.423590547,-0.572028403,0.775615692,0.069362576,0.909463225,1.403669282,-0.184653476,1.69397167,0.069510549,-2.492814388,-0.744104872,1.460966588,0.871764634,1.211354202,0.975478618,-1.254974347,-1.454042934,0.711712285,1.346381194,-0.838808893,-2.067747186,-0.442057881,0.277852668,0.479377487,-0.318370315,1.798063499,-0.428514063,-2.169891275,-0.000210197,3.171890805,3.543794804,0.001835463,-2.39025482,-0.198966114,0.130623999,0.73081563,1.12336325,2.182895038,0.506262681,-0.225856717,-2.704835747,4.76013178,8.360229953,-16.38925934,-3.639848745,-0.246107547,0.851554257,0.525765278,-0.808366545,-0.456892824,NaN
1.129797453,2.327832709,4.347352993,2.49963632,-1.184836319,-1.449663074,-1.709400473,-1.94763835,-0.661315185,0.267831626,-0.657072712,-1.231945852,-1.062633158,0.885487367,3.233921877,2.762184836,0.759013467,-1.673156809,-1.777514936,-1.730782605,-0.942877033,0.260748511,0.87077975,-0.648638898,5.954545022,7.450335825,-6.878458521,-5.604721598,-2.484756379,-2.659813151,-1.791532142,-2.009282328,-1.934550905,-1.594858967,-0.216089703,0.159105656,1.105160266,1.198718692,-0.140663401,0.088541964,-0.253149498,-0.918319104,0.680401948,-0.126839337,0.892389656,1.287824053,0.206240683,-0.268788091,1.363427286,1.067334689,-0.516745874,0.888657685,0.524131376,1.547079946,1.360787427,-0.344649613,1.551329937,0.415433687,-2.070366899,-0.571571384,1.429598067,0.958050983,1.377076099,1.088206028,-1.341406111,-1.967719212,0.362401791,1.020253688,-0.932295981,-1.623250016,-0.162399787,0.146222616,0.46578072,-0.328180571,1.807204067,-0.330097406,-2.218829823,0.480355751,3.560465258,3.694981285,-0.929119498,-2.187899923,0.053528984,0.619262614,0.70700712,1.23418586,2.309930051,0.200511679,-0.878655852,-2.640014954,4.681317591,10.11866079,-18.71654082,-4.50808101,-0.477458102,0.858157526,0.459368479,-0.650246431,-0.534428846,NaN
0.803554901,2.651978082,4.749301785,2.576794185,-1.237538738,-2.127847397,-1.221013094,-2.070636279,-1.452635504,0.562269267,-0.573278333,-0.517476752,-1.507183127,0.135866008,2.611479582,2.795828113,0.676940598,-1.568716988,-1.407880643,-1.177331278,-1.058140928,0.119575997,0.266558511,-0.930848278,6.496895338,8.395362345,-8.056798013,-5.418800626,-1.652316694,-2.141076599,-2.453821276,-2.027159614,-2.442770726,-1.732349923,-0.746405647,-0.221928636,0.856251775,1.443197982,-0.168729782,-0.413297808,-0.283912706,-0.84333336,0.173946378,0.200787332,1.038554158,1.437104292,0.478041692,-0.405874369,1.089705279,0.753175938,-0.443349083,0.947304328,0.739575921,1.962781561,1.16497853,-0.336592198,1.330766471,0.610958065,-1.775574133,-0.27936192,1.365402687,1.154316366,1.349199422,1.224105925,-1.314635885,-2.393715374,0.099790023,0.642548135,-1.008218509,-1.183517883,-0.036883215,0.095482799,0.451351831,-0.386807637,1.35223966,-0.124583012,-1.886639525,0.86689711,3.591817449,3.757282411,-2.387596617,-1.879687212,0.287500913,0.932199367,0.596636652,1.297615485,2.406614856,-0.063261433,-1.661883088,-2.414694626,4.413048306,11.22009441,-20.26710509,-5.039184509,-0.751708627,0.916999269,0.424095088,-0.482132357,-0.590361171,NaN
0.446683092,2.945875474,5.005775293,2.360564342,-1.212590885,-2.514487044,-0.939879214,-2.198822265,-1.820118909,0.70839975,-0.515213097,-0.08748184,-1.259450997,-0.714665921,2.055486186,2.743851486,0.568719159,-1.507325227,-1.197240507,-0.916204732,-1.051199338,0.071931095,-0.400596338,-1.000187603,6.598988603,8.84714945,-8.514227983,-5.272570488,-1.116776988,-1.697400692,-3.04925042,-1.94921691,-3.168480625,-1.802281972,-1.159542289,-0.446645093,0.618142786,1.520433923,-0.16691278,-0.606915522,-0.285375399,-0.783082393,-0.386024434,0.450904293,1.074766192,1.485995734,0.607369606,-0.535170071,0.937145414,0.691810558,-0.422346883,0.955834962,0.879869681,2.163748884,1.014128035,-0.285407425,1.067276793,0.797820146,-1.464548136,-0.101193942,1.282012746,1.276696948,1.24753575,1.296859494,-1.29815445,-2.579773455,-0.026156915,0.44667127,-1.025939668,-1.069437245,0.040405146,0.072417684,0.431189331,-0.417769799,1.048899073,-0.080806209,-1.810759062,1.047266604,3.507935396,3.76694706,-3.301166685,-1.769297971,0.471245188,1.215999049,0.517427565,1.348252039,2.462990207,-0.246328248,-2.18792123,-2.185120334,4.242333747,12.0673391,-21.96083974,-5.753935217,-0.786148457,0.9288752,0.413604557,-0.395762862,-0.622604426,NaN
